coordination,allocator,burst,robots,seed,ticks,requested_jobs,interval,submitted,completed,unfinished,makespan_ticks,throughput_per_tick,mean_latency_ticks,p95_latency_ticks,max_latency_ticks,distance_cells,wait_ticks,vertex_conflicts,edge_conflicts,window_replans,fallbacks,elapsed_seconds,max_step_ms,scenario_name
window,greedy,True,3,0,900,20,20,20,20,0,285,0.022222222222222223,138.05,259,285,880,0,0,0,98,0,0.293571,34.033,burst
window,hungarian,True,3,0,900,20,20,20,20,0,253,0.022222222222222223,126.15,252,253,842,0,0,0,105,1,0.24287,16.646,burst
window,greedy,True,3,1,900,20,20,20,20,0,281,0.022222222222222223,145.8,259,281,892,0,0,0,98,0,0.155796,2.44,burst
window,hungarian,True,3,1,900,20,20,20,20,0,264,0.022222222222222223,130.1,236,264,836,1,0,0,101,4,0.229769,15.208,burst
window,greedy,True,3,2,900,20,20,20,20,0,330,0.022222222222222223,179.25,321,330,1044,1,0,0,101,4,0.209197,15.267,burst
window,hungarian,True,3,2,900,20,20,20,20,0,344,0.022222222222222223,161.95,313,344,1052,1,0,0,102,4,0.248934,15.392,burst
window,greedy,True,3,3,900,20,20,20,20,0,276,0.022222222222222223,150.1,245,276,866,0,0,0,99,1,0.204063,20.677,burst
window,hungarian,True,3,3,900,20,20,20,20,0,247,0.022222222222222223,120.35,221,247,782,0,0,0,100,0,0.203193,17.037,burst
window,greedy,True,3,4,900,20,20,20,20,0,313,0.022222222222222223,162.8,299,313,996,0,0,0,99,0,0.157654,2.432,burst
window,hungarian,True,3,4,900,20,20,20,20,0,295,0.022222222222222223,143.15,270,295,932,2,0,0,105,5,0.269848,15.463,burst
window,greedy,True,3,5,900,20,20,20,20,0,298,0.022222222222222223,170.7,286,298,968,1,0,0,94,1,0.165967,13.244,burst
window,hungarian,True,3,5,900,20,20,20,20,0,284,0.022222222222222223,132.6,257,284,880,1,0,0,101,5,0.268573,19.43,burst
window,greedy,True,3,6,900,20,20,20,20,0,282,0.022222222222222223,166.85,273,282,932,0,0,0,98,0,0.161488,3.361,burst
window,hungarian,True,3,6,900,20,20,20,20,0,274,0.022222222222222223,129.75,253,274,860,1,0,0,106,6,0.307141,22.579,burst
window,greedy,True,3,7,900,20,20,20,20,0,345,0.022222222222222223,181.15,330,345,1090,1,0,0,98,0,0.173161,9.765,burst
window,hungarian,True,3,7,900,20,20,20,20,0,326,0.022222222222222223,152.55,311,326,1036,3,0,0,98,5,0.266896,15.414,burst
window,greedy,True,3,8,900,20,20,20,20,0,284,0.022222222222222223,159.25,261,284,894,0,0,0,95,0,0.153685,2.096,burst
window,hungarian,True,3,8,900,20,20,20,20,0,273,0.022222222222222223,126.65,237,273,816,2,0,0,101,5,0.267389,23.27,burst
window,greedy,True,3,9,900,20,20,20,20,0,346,0.022222222222222223,190.95,335,346,1124,1,0,0,98,0,0.177695,14.182,burst
window,hungarian,True,3,9,900,20,20,20,20,0,352,0.022222222222222223,161.9,301,352,1056,1,0,0,108,11,0.381451,23.963,burst
window,greedy,True,5,0,900,20,20,20,20,0,182,0.022222222222222223,92.3,171,182,942,0,0,0,109,7,0.411897,19.109,burst
window,hungarian,True,5,0,900,20,20,20,20,0,158,0.022222222222222223,80.4,155,158,866,3,0,0,119,27,0.707729,28.061,burst
window,greedy,True,5,1,900,20,20,20,20,0,188,0.022222222222222223,90.95,153,188,930,0,0,0,101,1,0.317849,13.857,burst
window,hungarian,True,5,1,900,20,20,20,20,0,165,0.022222222222222223,81.75,156,165,856,3,0,0,112,12,0.509078,30.213,burst
window,greedy,True,5,2,900,20,20,20,20,0,211,0.022222222222222223,111.15,208,211,1080,2,0,0,111,14,0.493748,34.375,burst
window,hungarian,True,5,2,900,20,20,20,20,0,209,0.022222222222222223,103.25,198,209,1066,3,0,0,105,12,0.487143,24.489,burst
window,greedy,True,5,3,900,20,20,20,20,0,177,0.022222222222222223,92.95,158,177,896,0,0,0,108,7,0.452635,28.258,burst
window,hungarian,True,5,3,900,20,20,20,20,0,164,0.022222222222222223,78.45,137,164,808,0,0,0,114,15,0.596585,23.873,burst
window,greedy,True,5,4,900,20,20,20,20,0,190,0.022222222222222223,103.7,187,190,1044,0,0,0,109,7,0.463099,24.065,burst
window,hungarian,True,5,4,900,20,20,20,20,0,191,0.022222222222222223,89.2,166,191,954,2,0,0,102,6,0.386527,15.029,burst
window,greedy,True,5,5,900,20,20,20,20,0,177,0.022222222222222223,100.9,172,177,968,0,0,0,101,0,0.279262,3.819,burst
window,hungarian,True,5,5,900,20,20,20,20,0,185,0.022222222222222223,84.7,175,185,896,4,0,0,104,5,0.435724,26.617,burst
window,greedy,True,5,6,900,20,20,20,20,0,171,0.022222222222222223,94.75,155,171,914,1,0,0,108,4,0.330046,16.716,burst
window,hungarian,True,5,6,900,20,20,20,20,0,166,0.022222222222222223,80,151,166,872,2,0,0,104,6,0.397705,22.6,burst
window,greedy,True,5,7,900,20,20,20,20,0,199,0.022222222222222223,104.65,190,199,1068,1,0,0,104,7,0.407815,26.66,burst
window,hungarian,True,5,7,900,20,20,20,20,0,202,0.022222222222222223,95.5,188,202,1062,2,0,0,107,10,0.481133,20.462,burst
window,greedy,True,5,8,900,20,20,20,20,0,179,0.022222222222222223,95.35,157,179,904,0,0,0,99,0,0.296907,19.875,burst
window,hungarian,True,5,8,900,20,20,20,20,0,176,0.022222222222222223,80.3,136,176,846,2,0,0,109,14,0.573681,25.801,burst
window,greedy,True,5,9,900,20,20,20,20,0,213,0.022222222222222223,113.9,201,213,1124,0,0,0,100,1,0.334301,19.82,burst
window,hungarian,True,5,9,900,20,20,20,20,0,216,0.022222222222222223,100.45,183,216,1062,3,0,0,106,11,0.512938,26.49,burst
window,greedy,True,8,0,900,20,20,20,20,0,134,0.022222222222222223,62.3,107,134,982,2,0,0,125,38,1.202607,29.888,burst
window,hungarian,True,8,0,900,20,20,20,20,0,112,0.022222222222222223,56.85,111,112,914,6,0,0,127,38,1.160087,34.619,burst
window,greedy,True,8,1,900,20,20,20,20,0,121,0.022222222222222223,60.9,103,121,944,6,0,0,116,22,0.843169,29.184,burst
window,hungarian,True,8,1,900,20,20,20,20,0,110,0.022222222222222223,55.15,93,110,878,5,0,0,113,18,0.799375,30.226,burst
window,greedy,True,8,2,900,20,20,20,20,0,143,0.022222222222222223,72.55,137,143,1096,2,0,0,106,12,0.661832,32.048,burst
window,hungarian,True,8,2,900,20,20,20,20,0,143,0.022222222222222223,70.25,135,143,1100,9,0,0,126,34,1.022772,30.179,burst
window,greedy,True,8,3,900,20,20,20,20,0,115,0.022222222222222223,57.25,100,115,888,1,0,0,118,22,0.912425,38.791,burst
window,hungarian,True,8,3,900,20,20,20,20,0,123,0.022222222222222223,58.9,99,123,892,14,0,0,137,54,1.172884,24.238,burst
window,greedy,True,8,4,900,20,20,20,20,0,124,0.022222222222222223,65.3,121,124,1018,2,0,0,109,2,0.57008,27.853,burst
window,hungarian,True,8,4,900,20,20,20,20,0,130,0.022222222222222223,61.75,121,130,978,7,0,0,118,27,0.942547,27.832,burst
window,greedy,True,8,5,900,20,20,20,20,0,114,0.022222222222222223,62.25,109,114,944,2,0,0,108,6,0.560483,15.77,burst
window,hungarian,True,8,5,900,20,20,20,20,0,123,0.022222222222222223,57.2,119,123,926,3,0,0,121,29,0.967314,24.541,burst
window,greedy,True,8,6,900,20,20,20,20,0,113,0.022222222222222223,60.05,108,113,916,2,0,0,113,15,0.774315,27.732,burst
window,hungarian,True,8,6,900,20,20,20,20,0,122,0.022222222222222223,56.7,117,122,930,6,0,0,119,32,1.046186,32.249,burst
window,greedy,True,8,7,900,20,20,20,20,0,138,0.022222222222222223,71.3,125,138,1112,0,0,0,118,17,0.828783,25.496,burst
window,hungarian,True,8,7,900,20,20,20,20,0,136,0.022222222222222223,66.15,133,136,1086,5,0,0,128,36,1.114853,39.819,burst
window,greedy,True,8,8,900,20,20,20,20,0,103,0.022222222222222223,57,95,103,866,1,0,0,119,21,0.804665,23.182,burst
window,hungarian,True,8,8,900,20,20,20,20,0,115,0.022222222222222223,54.45,96,115,872,7,0,0,130,44,1.357221,37.295,burst
window,greedy,True,8,9,900,20,20,20,20,0,136,0.022222222222222223,72.8,132,136,1136,1,0,0,115,14,0.790598,38.596,burst
window,hungarian,True,8,9,900,20,20,20,20,0,140,0.022222222222222223,69.2,133,140,1102,5,0,0,116,21,0.892731,29.091,burst
window,greedy,False,3,0,900,30,5,30,30,0,434,0.03333333333333333,143.76666666666668,277,294,1336,1,0,0,107,0,0.176753,4.742,steady
window,hungarian,False,3,0,900,30,5,30,30,0,432,0.03333333333333333,124.3,289,292,1326,3,0,0,110,0,0.244364,12.654,steady
window,greedy,False,3,1,900,30,5,30,30,0,428,0.03333333333333333,151.9,277,288,1330,2,0,0,116,4,0.269779,25.618,steady
window,hungarian,False,3,1,900,30,5,30,30,0,420,0.03333333333333333,131.23333333333332,285,300,1302,1,0,0,110,3,0.288308,33.555,steady
window,greedy,False,3,2,900,30,5,30,30,0,479,0.03333333333333333,190.76666666666668,332,334,1510,1,0,0,111,0,0.179249,5.792,steady
window,hungarian,False,3,2,900,30,5,30,30,0,486,0.03333333333333333,159.8,382,396,1508,2,0,0,112,1,0.275726,21.958,steady
window,greedy,False,3,3,900,30,5,30,30,0,431,0.03333333333333333,153.46666666666667,284,291,1356,1,0,0,108,1,0.204489,20.348,steady
window,hungarian,False,3,3,900,30,5,30,30,0,424,0.03333333333333333,123.83333333333333,325,332,1344,2,0,0,112,1,0.264156,19.116,steady
window,greedy,False,3,4,900,30,5,30,30,0,495,0.03333333333333333,173.93333333333334,313,350,1482,1,0,0,105,0,0.186847,17.048,steady
window,hungarian,False,3,4,900,30,5,30,30,0,483,0.03333333333333333,150.1,389,398,1468,2,0,0,110,0,0.253937,13.757,steady
window,greedy,False,3,5,900,30,5,30,30,0,511,0.03333333333333333,182.86666666666667,341,366,1520,1,0,0,108,1,0.197436,12.417,steady
window,hungarian,False,3,5,900,30,5,30,30,0,487,0.03333333333333333,165.2,380,380,1498,1,0,0,108,0,0.237321,12.57,steady
window,greedy,False,3,6,900,30,5,30,30,0,461,0.03333333333333333,175.8,316,316,1444,0,0,0,108,0,0.167985,2.731,steady
window,hungarian,False,3,6,900,30,5,30,30,0,466,0.03333333333333333,144.86666666666667,371,376,1438,1,0,0,111,1,0.274195,19.692,steady
window,greedy,False,3,7,900,30,5,30,30,0,507,0.03333333333333333,198.6,359,372,1578,2,0,0,112,2,0.232688,16.316,steady
window,hungarian,False,3,7,900,30,5,30,30,0,515,0.03333333333333333,159.83333333333334,380,382,1582,3,0,0,111,0,0.292426,14.753,steady
window,greedy,False,3,8,900,30,5,30,30,0,427,0.03333333333333333,156.9,261,282,1282,0,0,0,108,0,0.171808,6.014,steady
window,hungarian,False,3,8,900,30,5,30,30,0,410,0.03333333333333333,117.53333333333333,310,326,1264,2,0,0,113,2,0.275747,16.701,steady
window,greedy,False,3,9,900,30,5,30,30,0,513,0.03333333333333333,206.93333333333334,366,368,1564,1,0,0,110,4,0.261659,24.992,steady
window,hungarian,False,3,9,900,30,5,30,30,0,527,0.03333333333333333,172.43333333333334,407,408,1552,2,0,0,111,2,0.310537,22.436,steady
window,greedy,False,5,0,900,30,5,30,30,0,275,0.03333333333333333,74.56666666666666,134,135,1402,1,0,0,124,13,0.523621,22.163,steady
window,hungarian,False,5,0,900,30,5,30,30,0,280,0.03333333333333333,66.43333333333334,161,166,1384,1,0,0,114,2,0.399213,23.236,steady
window,greedy,False,5,1,900,30,5,30,30,0,277,0.03333333333333333,74.33333333333333,132,137,1368,1,0,0,119,1,0.40248,26.596,steady
window,hungarian,False,5,1,900,30,5,30,30,0,285,0.03333333333333333,69.63333333333334,151,161,1378,3,0,0,132,17,0.664077,26.85,steady
window,greedy,False,5,2,900,30,5,30,30,0,305,0.03333333333333333,95.86666666666666,165,167,1544,2,0,0,121,9,0.493298,25.594,steady
window,hungarian,False,5,2,900,30,5,30,30,0,317,0.03333333333333333,84.8,222,222,1532,2,0,0,122,10,0.580741,51.072,steady
window,greedy,False,5,3,900,30,5,30,30,0,273,0.03333333333333333,73.5,133,133,1386,3,0,0,124,6,0.435094,21.812,steady
window,hungarian,False,5,3,900,30,5,30,30,0,293,0.03333333333333333,69.63333333333334,158,207,1404,2,0,0,122,11,0.5476,27.322,steady
window,greedy,False,5,4,900,30,5,30,30,0,305,0.03333333333333333,88.96666666666667,160,167,1524,3,0,0,125,11,0.488953,21.87,steady
window,hungarian,False,5,4,900,30,5,30,30,0,307,0.03333333333333333,82.86666666666666,187,196,1516,1,0,0,120,3,0.415099,16.334,steady
window,greedy,False,5,5,900,30,5,30,30,0,317,0.03333333333333333,86.36666666666666,153,172,1522,2,0,0,117,0,0.338102,13.945,steady
window,hungarian,False,5,5,900,30,5,30,30,0,313,0.03333333333333333,82.43333333333334,195,243,1528,0,0,0,138,26,0.823255,33.994,steady
window,greedy,False,5,6,900,30,5,30,30,0,275,0.03333333333333333,75.43333333333334,132,132,1414,1,0,0,117,3,0.36141,22.416,steady
window,hungarian,False,5,6,900,30,5,30,30,0,292,0.03333333333333333,74.86666666666666,171,177,1432,2,0,0,115,3,0.463867,25.149,steady
window,greedy,False,5,7,900,30,5,30,30,0,317,0.03333333333333333,92.9,172,173,1566,2,0,0,116,2,0.357871,20.546,steady
window,hungarian,False,5,7,900,30,5,30,30,0,321,0.03333333333333333,81.6,186,194,1568,2,0,0,113,1,0.417321,28.933,steady
window,greedy,False,5,8,900,30,5,30,30,0,270,0.03333333333333333,73.9,123,125,1304,1,0,0,138,24,0.618574,24.303,steady
window,hungarian,False,5,8,900,30,5,30,30,0,266,0.03333333333333333,59.86666666666667,171,205,1292,1,0,0,119,2,0.38099,22.074,steady
window,greedy,False,5,9,900,30,5,30,30,0,304,0.03333333333333333,99.66666666666667,169,174,1556,0,0,0,118,2,0.344176,17.195,steady
window,hungarian,False,5,9,900,30,5,30,30,0,315,0.03333333333333333,88.8,222,244,1572,2,0,0,128,14,0.560933,17.971,steady
window,greedy,False,8,0,900,30,5,30,30,0,194,0.03333333333333333,34.63333333333333,60,66,1424,2,0,0,140,10,0.840903,24.274,steady
window,hungarian,False,8,0,900,30,5,30,30,0,194,0.03333333333333333,34.63333333333333,60,66,1424,2,0,0,140,10,0.845622,24.498,steady
window,greedy,False,8,1,900,30,5,30,30,0,203,0.03333333333333333,34.166666666666664,58,63,1390,2,0,0,146,13,0.932423,30.749,steady
window,hungarian,False,8,1,900,30,5,30,30,0,203,0.03333333333333333,34.166666666666664,58,63,1390,2,0,0,146,13,0.949614,30.622,steady
window,greedy,False,8,2,900,30,5,30,30,0,217,0.03333333333333333,47,77,83,1558,4,0,0,144,18,1.021352,29.794,steady
window,hungarian,False,8,2,900,30,5,30,30,0,215,0.03333333333333333,47,73,85,1558,4,0,0,144,18,1.043128,29.853,steady
window,greedy,False,8,3,900,30,5,30,30,0,183,0.03333333333333333,30.9,52,64,1398,2,0,0,144,12,0.892193,30.772,steady
window,hungarian,False,8,3,900,30,5,30,30,0,183,0.03333333333333333,30.9,52,64,1398,2,0,0,144,12,0.893033,30.792,steady
window,greedy,False,8,4,900,30,5,30,30,0,212,0.03333333333333333,40.8,63,67,1482,4,0,0,155,36,1.190799,36.191,steady
window,hungarian,False,8,4,900,30,5,30,30,0,212,0.03333333333333333,40.8,63,67,1482,4,0,0,155,36,1.186189,24.841,steady
window,greedy,False,8,5,900,30,5,30,30,0,222,0.03333333333333333,37.93333333333333,60,77,1508,2,0,0,147,10,0.892105,26.497,steady
window,hungarian,False,8,5,900,30,5,30,30,0,222,0.03333333333333333,37.93333333333333,60,77,1508,2,0,0,147,10,0.883471,26.05,steady
window,greedy,False,8,6,900,30,5,30,30,0,188,0.03333333333333333,36.56666666666667,60,64,1464,2,0,0,150,25,1.182218,44.046,steady
window,hungarian,False,8,6,900,30,5,30,30,0,188,0.03333333333333333,36.56666666666667,60,64,1464,2,0,0,150,25,1.16134,31.134,steady
window,greedy,False,8,7,900,30,5,30,30,0,224,0.03333333333333333,48.9,85,86,1632,2,0,0,146,21,0.931448,21.387,steady
window,hungarian,False,8,7,900,30,5,30,30,0,234,0.03333333333333333,47.7,90,99,1610,1,0,0,140,15,0.905665,26.847,steady
window,greedy,False,8,8,900,30,5,30,30,0,178,0.03333333333333333,28.933333333333334,47,57,1314,2,0,0,156,32,1.235506,34.904,steady
window,hungarian,False,8,8,900,30,5,30,30,0,178,0.03333333333333333,28.933333333333334,47,57,1314,2,0,0,156,32,1.244842,33.895,steady
window,greedy,False,8,9,900,30,5,30,30,0,214,0.03333333333333333,48.833333333333336,85,85,1582,4,0,0,151,33,1.240911,43.465,steady
window,hungarian,False,8,9,900,30,5,30,30,0,230,0.03333333333333333,47.2,89,110,1556,3,0,0,139,13,0.920759,24.387,steady
